Link,Phone
https://birja.com/category/az/1/31/0/kiraye-gotururem,
https://birja.com/lang/ru,
https://birja.com/category/az/1/14/0/icare,
https://birja.com/category/az/1/30/0/xarici-dashinmaz-emlak,
https://birja.com/category/az/1/2/0/satilir,
https://birja.com/category/az/1/29/0/aliram,
https://birja.com/content/az/2,
https://birja.com/content/az/3,
https://birja.com/category/az/1/26/0/mubadile,
https://birja.com/category/az/71/72/0/ish-axtariram,
https://birja.com/category/az/43/70/0/1001-xirdavat,
https://birja.com/category/az/43/67/0/entiq-eshyalari,
https://birja.com/category/az/71/97/0/ish-teklif-edirem,
https://birja.com/category/az/43/66/0/saatlar-ve-zergerlik,
https://birja.com/category/az/43/65/0/geyim-ayaqqabi-ve-tekstil,
https://birja.com/category/az/43/64/0/tibbi-avadanliqlar,
https://birja.com/category/az/43/62/0/kosmetika,
https://birja.com/category/az/43/61/0/kitablar-ve-jurnallar,
https://birja.com/category/az/43/60/0/heyvanlar,
https://birja.com/category/az/43/63/0/mebel,
https://birja.com/category/az/43/68/0/ofis-avadanligi,
https://birja.com/category/az/43/57/0/derman,
https://birja.com/category/az/43/58/0/mobil-telefonlar,
https://birja.com/category/az/43/55/0/erzaq,
https://birja.com/category/az/43/59/0/avadanliq-ve-meishet-cihazlari,
https://birja.com/category/az/43/53/0/biletler,
https://birja.com/category/az/43/56/0/meishet-avadanliqlari,
https://birja.com/category/az/43/51/0/oyun-konsollari,
https://birja.com/category/az/43/48/0/agac-ve-bitkiler,
https://birja.com/category/az/43/54/0/diger,
https://birja.com/category/az/43/50/0/telefon-nomreleri,
https://birja.com/category/az/43/52/0/ushaqlar-uchun,
https://birja.com/category/az/43/49/0/cevahirat,
https://birja.com/category/az/43/45/0/idman-turizm,
https://birja.com/category/az/32/42/0/yuk-mashinlari,
https://birja.com/category/az/43/47/0/tikinti-materiallari,
https://birja.com/category/az/32/41/0/diger,
https://birja.com/category/az/43/44/0/musiqi-aletleri,
https://birja.com/category/az/32/39/0/mototexnika,
https://birja.com/category/az/32/36/0/qoshqular,
https://birja.com/category/az/32/38/0/avtoservis-avadanliqlari,
https://birja.com/category/az/32/33/0/avtomobil,
https://birja.com/category/az/43/46/0/mashinlari-avadanliqlari,
https://birja.com/category/az/32/40/0/kend-teserrufati-texnikasi,
https://birja.com/category/az/32/37/0/avtomobil-hisseleri-aksessuarlar,
https://birja.com/category/az/151/176/0/ofis-avadanligi,
https://birja.com/category/az/151/174/0/kitablar-ve-jurnallar,
https://birja.com/category/az/178/185/0/kredit,
https://birja.com/category/az/151/175/0/heyvanlar,
https://birja.com/category/az/151/173/0/kosmetika,
https://birja.com/category/az/151/177/0/pulsuz-qebul-edirem,
https://birja.com/category/az/151/172/0/mebel,
https://birja.com/category/az/151/170/0/geyim-ayaqqabi-ve-tekstil,
https://birja.com/category/az/151/169/0/avadanliq-ve-meishet-cihazlari,
https://birja.com/category/az/151/167/0/entiq-eshyalari,
https://birja.com/category/az/151/165/0/derman,
https://birja.com/category/az/151/168/0/saatlar-ve-zergerlik,
https://birja.com/category/az/151/171/0/tibbi-avadanliqlar,
https://birja.com/category/az/151/164/0/ferqli,
https://birja.com/category/az/151/162/0/idman-turizm,
https://birja.com/category/az/151/161/0/mashinlari-avadanliqlari,
https://birja.com/category/az/151/163/0/musiqi-aletleri,
https://birja.com/category/az/151/160/0/tikinti-materiallari,
https://birja.com/category/az/151/157/0/telefon-nomreleri,
https://birja.com/category/az/151/166/0/mobil-telefonlar,
https://birja.com/category/az/151/159/0/bitkiler-ve-bag,
https://birja.com/category/az/151/158/0/cevahirat,
https://birja.com/category/az/151/156/0/oyun-konsollari,
https://birja.com/category/az/151/154/0/erzaq,
https://birja.com/category/az/151/155/0/ushaqlar-uchun,
https://birja.com/category/az/151/153/0/meishet-avadanliqlari,
https://birja.com/category/az/151/152/0/biletler,
https://birja.com/category/az/121/148/0/ashpazliq,
https://birja.com/category/az/121/147/0/kosmetika,
https://birja.com/category/az/121/150/0/tibbi,
https://birja.com/category/az/121/149/0/masaj,
https://birja.com/category/az/121/196/0/hamam-sauna,
https://birja.com/category/az/121/146/0/kurslar,
https://birja.com/category/az/121/141/0/reqs,
https://birja.com/category/az/121/145/0/xarici-diller-ve-tercume,
https://birja.com/category/az/121/143/0/tehlukesizlik,
https://birja.com/category/az/121/144/0/meishet,
https://birja.com/category/az/121/142/0/avto-ve-neqliyyat,
https://birja.com/category/az/121/140/0/komputerde-metnlerin-yigilmasi-ve-chapi,
https://birja.com/category/az/121/137/0/chatdirilma,
https://birja.com/category/az/121/135/0/heyvanlar-uchun,
https://birja.com/category/az/121/136/0/bag,
https://birja.com/category/az/121/139/0/meishet-texnikasinin-temiri,
https://birja.com/category/az/121/138/0/eylence,
https://birja.com/category/az/121/133/0/huquqi,
https://birja.com/category/az/121/132/0/foto-ve-video,
https://birja.com/category/az/121/131/0/idman,
https://birja.com/category/az/121/128/0/berberlik,
https://birja.com/category/az/121/134/0/it,
https://birja.com/category/az/121/129/0/dayelik,
https://birja.com/category/az/121/130/0/mebel-yigilmasi-ve-temiri,
https://birja.com/category/az/121/127/0/diger,
https://birja.com/category/az/121/126/0/tikinti-ve-temir,
https://birja.com/category/az/121/124/0/tikish,
https://birja.com/category/az/121/122/0/immiqrasiya,
https://birja.com/category/az/121/123/0/emiqrasiya,
https://birja.com/category/az/121/125/0/repetitor,
https://birja.com/category/az/178/197/0/biznes,
https://birja.com/category/az/178/188/0/kiraye-icare,
https://birja.com/category/az/178/189/0/tanishliq,
